movie,hero
https://w3id.org/um/ken4256/movies/spider_man_homecoming,https://w3id.org/um/ken4256/characters/Spider-Man
https://w3id.org/um/ken4256/movies/spider_man_homecoming,https://w3id.org/um/ken4256/characters/Iron%20Man
https://w3id.org/um/ken4256/movies/spider_man_homecoming,https://w3id.org/um/ken4256/characters/Vulture
https://w3id.org/um/ken4256/movies/spider_man_homecoming,https://w3id.org/um/ken4256/characters/Flash
https://w3id.org/um/ken4256/movies/spider_man_homecoming,https://w3id.org/um/ken4256/characters/May%20Parker
https://w3id.org/um/ken4256/movies/spider_man_homecoming,https://w3id.org/um/ken4256/characters/Liz
