id,Original Title,Company,Rate,Metascore,Minutes,Release,Budget,Opening Weekend USA,Gross USA,Gross Worldwide,Movie ID
1,Iron Man,Marvel,7.9,79,126,2008,140000000,98618668,318604126,585366247,iron_man
2,The Incredible Hulk,Marvel,6.7,61,112,2008,150000000,55414050,134806913,263427551,the_incredible_hulk
3,Iron Man 2,Marvel,7.0,57,124,2010,200000000,128122480,312433331,623933331,iron_man_2
4,Thor,Marvel,7.0,57,115,2011,150000000,65723338,181030624,449326618,thor
5,Captain America: The First Avenger,Marvel,6.9,66,124,2011,140000000,65058524,176654505,370569774,captain_america_the_first_avenger
6,The Avengers,Marvel,8.0,69,143,2012,220000000,207438708,623357910,1518812988,the_avengers
7,Iron Man 3,Marvel,7.2,62,130,2013,200000000,174144585,409013994,1214811252,iron_man_3
8,Thor: The Dark World,Marvel,6.9,54,112,2013,170000000,85737841,206362140,644783140,thor_the_dark_world
9,Captain America: The Winter Soldier,Marvel,7.7,70,136,2014,170000000,95023721,259766572,714421503,captain_america_the_winter_soldier
10,Guardians of the Galaxy,Marvel,8.0,76,121,2014,170000000,94320883,333176600,772776600,guardians_of_the_galaxy
11,Avengers: Age of Ultron,Marvel,7.3,66,141,2015,250000000,191271109,459005868,1402805868,avengers_age_of_ultron
12,Ant-Man,Marvel,7.3,64,117,2015,130000000,57225526,180202163,519311965,ant_man
13,Captain America: Civil War,Marvel,7.8,75,147,2016,250000000,179139142,408084349,1153296293,captain_america_civil_war
14,Doctor Strange,Marvel,7.5,72,115,2016,165000000,85058311,232641920,677718395,doctor_strange
15,Guardians of the Galaxy Vol. 2,Marvel,7.6,67,136,2017,200000000,146510104,389813101,863756051,guardians_of_the_galaxy_vol_2
16,Spider-Man: Homecoming,Marvel,7.4,73,133,2017,175000000,117027503,334201140,880166924,spider_man_homecoming
17,Thor: Ragnarok,Marvel,7.9,74,130,2017,180000000,122744989,315058289,853977126,thor_ragnarok
18,Black Panther,Marvel,7.3,88,134,2018,200000000,202003951,700059566,1346913161,black_panther
19,Avengers: Infinity War,Marvel,8.5,68,149,2018,321000000,257698183,678815482,2048359754,avengers_infinity_war
20,Ant-Man and the Wasp,Marvel,7.1,70,118,2018,162000000,75812205,216648740,622674139,ant_man_and_the_wasp
21,Captain Marvel,Marvel,6.9,64,123,2019,175000000,153433423,426829839,1128274794,captain_marvel
22,Avengers: Endgame,Marvel,8.5,78,181,2019,356000000,357115007,858373000,2797800564,avengers_endgame
23,Spider-Man: Far from Home,Marvel,7.6,69,129,2019,160000000,92579212,390532085,1131927996,spider_man_far_from_home
24,Catwoman,DC,3.3,27,104,2004,100000000,16728411,40202379,82102379,catwoman
25,Batman Begins,DC,8.2,70,140,2005,150000000,48745440,206852432,373413297,batman_begins
26,Superman Returns,DC,6.0,72,154,2006,270000000,52535096,200081192,391081192,superman_returns
27,The Dark Knight,DC,9.0,84,152,2008,185000000,158411483,535234033,1004934033,the_dark_knight
28,Watchmen,DC,7.6,56,162,2009,130000000,55214334,107509799,185258983,watchmen
29,Jonah Hex,DC,4.7,33,81,2010,47000000,5379365,10547117,10903312,jonah_hex
30,Green Lantern,DC,5.5,39,114,2011,200000000,53174303,116601172,219851172,green_lantern
31,The Dark Knight Rises,DC,8.4,78,164,2012,250000000,160887295,448139099,1081041287,the_dark_knight_rises
32,Man of Steel,DC,7.1,55,143,2013,225000000,116619362,291045518,668045518,man_of_steel
33,Batman v Superman: Dawn of Justice,DC,6.5,44,151,2016,250000000,166007347,330360194,873634919,batman_v_superman_dawn_of_justice
34,Suicide Squad,DC,6.0,40,123,2016,175000000,133682248,325100054,746846894,suicide_squad
35,Wonder Woman,DC,7.4,76,141,2017,149000000,103251471,412563408,821847012,wonder_woman
36,Justice League,DC,6.4,45,120,2017,300000000,93842239,229024295,657924295,justice_league
37,Aquaman,DC,7.0,55,143,2018,160000000,67873522,335061807,1148161807,aquaman
38,Shazam!,DC,7.1,71,132,2019,100000000,53505326,140371656,364571656,shazam
39,Joker,DC,8.7,59,122,2019,55000000,96202337,333204580,1060504580,joker
